{
  "0": {
    "loss": -17.77020107284212,
    "pos_energy": -7.34843123002066,
    "neg_energy": 10.60785946898668,
    "energy_gap": -17.95629069900734,
    "epoch_time": 248.6932590007782
  },
  "1": {
    "loss": -22.46749817363431,
    "pos_energy": -9.364943296747537,
    "neg_energy": 13.37960702478504,
    "energy_gap": -22.74455032153258,
    "epoch_time": 248.90140843391418
  },
  "2": {
    "loss": -24.885100126571754,
    "pos_energy": -10.674642294225558,
    "neg_energy": 14.547109450024008,
    "energy_gap": -25.221751744249566,
    "epoch_time": 249.0376331806183
  },
  "3": {
    "loss": -27.116002904620885,
    "pos_energy": -11.928501870354372,
    "neg_energy": 15.584702936238424,
    "energy_gap": -27.513204806592796,
    "epoch_time": 248.79991459846497
  },
  "4": {
    "loss": -29.238447418896705,
    "pos_energy": -13.12110758377251,
    "neg_energy": 16.577166175109628,
    "energy_gap": -29.698273758882138,
    "epoch_time": 248.5377860069275
  },
  "5": {
    "loss": -31.239430956284917,
    "pos_energy": -14.233243352472401,
    "neg_energy": 17.529352725391657,
    "energy_gap": -31.76259607786406,
    "epoch_time": 248.6716709136963
  },
  "6": {
    "loss": -33.120481307924784,
    "pos_energy": -15.267863326127642,
    "neg_energy": 18.44007863033749,
    "energy_gap": -33.707941956465135,
    "epoch_time": 248.86188626289368
  },
  "7": {
    "loss": -34.75748249693808,
    "pos_energy": -16.146810705011543,
    "neg_energy": 19.25656676689275,
    "energy_gap": -35.40337747190429,
    "epoch_time": 249.01155304908752
  },
  "8": {
    "loss": -36.58536004959087,
    "pos_energy": -17.104692525045515,
    "neg_energy": 20.19518414349623,
    "energy_gap": -37.29987666854174,
    "epoch_time": 248.66864156723022
  },
  "9": {
    "loss": -38.46712571558055,
    "pos_energy": -18.077453366620286,
    "neg_energy": 21.178516483184776,
    "energy_gap": -39.25596984980506,
    "epoch_time": 248.76064157485962
  },
  "10": {
    "loss": -40.32461708059079,
    "pos_energy": -19.02997741259625,
    "neg_energy": 22.163045778164637,
    "energy_gap": -41.19302319076088,
    "epoch_time": 248.65912556648254
  },
  "11": {
    "loss": -42.03551854855272,
    "pos_energy": -19.89967092448099,
    "neg_energy": 23.081299145609407,
    "energy_gap": -42.98097007009039,
    "epoch_time": 249.05587935447693
  },
  "12": {
    "loss": -43.72508619750508,
    "pos_energy": -20.75187166338541,
    "neg_energy": 23.997509852566886,
    "energy_gap": -44.749381515952294,
    "epoch_time": 248.89390349388123
  },
  "13": {
    "loss": -45.36077607334347,
    "pos_energy": -21.566635749709437,
    "neg_energy": 24.898636921725107,
    "energy_gap": -46.46527267143455,
    "epoch_time": 248.98763751983643
  },
  "14": {
    "loss": -46.92291038991852,
    "pos_energy": -22.352746900004096,
    "neg_energy": 25.75369483713304,
    "energy_gap": -48.10644173713713,
    "epoch_time": 248.7847080230713
  },
  "15": {
    "loss": -48.49661625606913,
    "pos_energy": -23.133877306069973,
    "neg_energy": 26.629134775276526,
    "energy_gap": -49.7630120813465,
    "epoch_time": 248.7133891582489
  },
  "16": {
    "loss": -50.20084407479143,
    "pos_energy": -23.980176212540357,
    "neg_energy": 27.577140908235165,
    "energy_gap": -51.55731712077552,
    "epoch_time": 248.75902819633484
  },
  "17": {
    "loss": -52.02527687766335,
    "pos_energy": -24.887290046096002,
    "neg_energy": 28.596761251686477,
    "energy_gap": -53.48405129778248,
    "epoch_time": 248.77114295959473
  },
  "18": {
    "loss": -53.764706502955946,
    "pos_energy": -25.758524407497898,
    "neg_energy": 29.56487397744622,
    "energy_gap": -55.32339838494411,
    "epoch_time": 248.78380823135376
  },
  "19": {
    "loss": -55.4992207467327,
    "pos_energy": -26.620919419311836,
    "neg_energy": 30.54369768931527,
    "energy_gap": -57.164617108627105,
    "epoch_time": 248.89891958236694
  },
  "20": {
    "loss": -57.098282827457915,
    "pos_energy": -27.42760103643322,
    "neg_energy": 31.4326153729545,
    "energy_gap": -58.86021640938772,
    "epoch_time": 248.9828395843506
  },
  "21": {
    "loss": -58.75257136482893,
    "pos_energy": -28.259546057668143,
    "neg_energy": 32.363776469505396,
    "energy_gap": -60.62332252717354,
    "epoch_time": 248.7256007194519
  },
  "22": {
    "loss": -60.39753214681042,
    "pos_energy": -29.079043308995598,
    "neg_energy": 33.298675331965605,
    "energy_gap": -62.377718640961206,
    "epoch_time": 248.97903275489807
  },
  "23": {
    "loss": -61.97319341896438,
    "pos_energy": -29.866600664263345,
    "neg_energy": 34.194261167479844,
    "energy_gap": -64.06086183174318,
    "epoch_time": 248.7727279663086
  },
  "24": {
    "loss": -63.466705117121855,
    "pos_energy": -30.609001738466464,
    "neg_energy": 35.051209126178186,
    "energy_gap": -65.66021086464465,
    "epoch_time": 248.59807968139648
  },
  "25": {
    "loss": -65.06614335337308,
    "pos_energy": -31.42964791457876,
    "neg_energy": 35.94419747522332,
    "energy_gap": -67.37384538980209,
    "epoch_time": 248.89177799224854
  },
  "26": {
    "loss": -66.65366959419201,
    "pos_energy": -32.218776556349596,
    "neg_energy": 36.860829708670835,
    "energy_gap": -69.07960626502043,
    "epoch_time": 248.8130967617035
  },
  "27": {
    "loss": -68.15510438926394,
    "pos_energy": -32.998821810479356,
    "neg_energy": 37.69400007318748,
    "energy_gap": -70.69282188366684,
    "epoch_time": 248.75185775756836
  },
  "28": {
    "loss": -69.82848327871169,
    "pos_energy": -33.852070768114544,
    "neg_energy": 38.64595181200171,
    "energy_gap": -72.49802258011626,
    "epoch_time": 248.6512668132782
  },
  "29": {
    "loss": -71.52177473158598,
    "pos_energy": -34.71721762487434,
    "neg_energy": 39.60959393236304,
    "energy_gap": -74.32681155723738,
    "epoch_time": 248.5408489704132
  },
  "30": {
    "loss": -72.82778237082742,
    "pos_energy": -35.41039723043405,
    "neg_energy": 40.32820374101744,
    "energy_gap": -75.73860097145149,
    "epoch_time": 248.34931349754333
  },
  "31": {
    "loss": -73.58745672638682,
    "pos_energy": -35.78772810326648,
    "neg_energy": 40.77965615500867,
    "energy_gap": -76.56738425827515,
    "epoch_time": 248.30555820465088
  },
  "32": {
    "loss": -74.28422808189245,
    "pos_energy": -36.14992119743943,
    "neg_energy": 41.1754536158602,
    "energy_gap": -77.32537481329963,
    "epoch_time": 248.28396368026733
  },
  "33": {
    "loss": -74.97650922123205,
    "pos_energy": -36.49667742310352,
    "neg_energy": 41.58399644429186,
    "energy_gap": -78.08067386739538,
    "epoch_time": 248.30743384361267
  },
  "34": {
    "loss": -75.71864739880824,
    "pos_energy": -36.88714304104657,
    "neg_energy": 41.9985763852636,
    "energy_gap": -78.88571942631017,
    "epoch_time": 248.33259677886963
  },
  "35": {
    "loss": -76.50370338234798,
    "pos_energy": -37.29262074312999,
    "neg_energy": 42.447373501317294,
    "energy_gap": -79.73999424444727,
    "epoch_time": 248.33849096298218
  },
  "36": {
    "loss": -77.25695493065594,
    "pos_energy": -37.6912595184756,
    "neg_energy": 42.866586487363456,
    "energy_gap": -80.55784600583905,
    "epoch_time": 248.3858299255371
  },
  "37": {
    "loss": -77.98369803532442,
    "pos_energy": -38.0561899632101,
    "neg_energy": 43.2973076384443,
    "energy_gap": -81.3534976016544,
    "epoch_time": 248.50069117546082
  },
  "38": {
    "loss": -78.59067364447247,
    "pos_energy": -38.35942334066433,
    "neg_energy": 43.649033222857874,
    "energy_gap": -82.0084565635222,
    "epoch_time": 248.39908504486084
  },
  "39": {
    "loss": -79.21320746466995,
    "pos_energy": -38.68503921743239,
    "neg_energy": 44.00015472724709,
    "energy_gap": -82.68519394467948,
    "epoch_time": 248.4357705116272
  },
  "40": {
    "loss": -79.6348299815316,
    "pos_energy": -38.90714729885438,