{
  "0": {
    "loss": -17.731740152578986,
    "pos_energy": -7.330248118944647,
    "neg_energy": 10.58671790617071,
    "energy_gap": -17.916966025115357,
    "epoch_time": 151.70231771469116
  },
  "1": {
    "loss": -22.34442656171459,
    "pos_energy": -9.309623297594879,
    "neg_energy": 13.30898592994094,
    "energy_gap": -22.61860922753582,
    "epoch_time": 151.86042857170105
  },
  "2": {
    "loss": -24.83634909655465,
    "pos_energy": -10.665730914752096,
    "neg_energy": 14.5055415499073,
    "energy_gap": -25.171272464659395,
    "epoch_time": 152.10151863098145
  },
  "3": {
    "loss": -27.16755662349061,
    "pos_energy": -11.964921177120429,
    "neg_energy": 15.6003975190518,
    "energy_gap": -27.565318696172227,
    "epoch_time": 151.84587502479553
  },
  "4": {
    "loss": -29.348383526185412,
    "pos_energy": -13.201050649684461,
    "neg_energy": 16.60992604303299,
    "energy_gap": -29.81097669271745,
    "epoch_time": 152.02219820022583
  },
  "5": {
    "loss": -31.353011391379617,
    "pos_energy": -14.315741024920943,
    "neg_energy": 17.56365469567449,
    "energy_gap": -31.879395720595433,
    "epoch_time": 151.90161514282227
  },
  "6": {
    "loss": -33.28295672290914,
    "pos_energy": -15.370835648608727,
    "neg_energy": 18.503301024589586,
    "energy_gap": -33.874136673198315,
    "epoch_time": 151.8898003101349
  },
  "7": {
    "loss": -35.045272988332826,
    "pos_energy": -16.315354576794654,
    "neg_energy": 19.38604339228397,
    "energy_gap": -35.70139796907863,
    "epoch_time": 152.14431858062744
  },
  "8": {
    "loss": -36.76516652809368,
    "pos_energy": -17.21536264895782,
    "neg_energy": 20.27174615310493,
    "energy_gap": -37.48710880206275,
    "epoch_time": 151.77344465255737
  },
  "9": {
    "loss": -38.540847363148394,
    "pos_energy": -18.137306433175805,
    "neg_energy": 21.195591043723834,
    "energy_gap": -39.33289747689964,
    "epoch_time": 152.0181393623352
  },
  "10": {
    "loss": -40.35384843657783,
    "pos_energy": -19.06915911578033,
    "neg_energy": 22.15314075797224,
    "energy_gap": -41.22229987375257,
    "epoch_time": 151.79710412025452
  },
  "11": {
    "loss": -42.12050326807704,
    "pos_energy": -19.959135788198317,
    "neg_energy": 23.108495392353678,
    "energy_gap": -43.067631180552,
    "epoch_time": 152.13037204742432
  },
  "12": {
    "loss": -43.885676336349505,
    "pos_energy": -20.84260224013872,
    "neg_energy": 24.072325717471777,
    "energy_gap": -44.9149279576105,
    "epoch_time": 152.132728099823
  },
  "13": {
    "loss": -45.65691264857098,
    "pos_energy": -21.742087575446018,
    "neg_energy": 25.02933001548777,
    "energy_gap": -46.77141759093379,
    "epoch_time": 151.85135221481323
  },
  "14": {
    "loss": -47.34567955788821,
    "pos_energy": -22.575769424438477,
    "neg_energy": 25.97033397366845,
    "energy_gap": -48.54610339810692,
    "epoch_time": 151.84878730773926
  },
  "15": {
    "loss": -49.04281676777194,
    "pos_energy": -23.42739544329967,
    "neg_energy": 26.90599264713927,
    "energy_gap": -50.333388090438945,
    "epoch_time": 151.7325782775879
  },
  "16": {
    "loss": -50.6006247536321,
    "pos_energy": -24.203065679259552,
    "neg_energy": 27.77307319885332,
    "energy_gap": -51.97613887811288,
    "epoch_time": 151.9481120109558
  },
  "17": {
    "loss": -52.28214772379505,
    "pos_energy": -25.047130653098055,
    "neg_energy": 28.70670699340586,
    "energy_gap": -53.75383764650391,
    "epoch_time": 152.0187051296234
  },
  "18": {
    "loss": -53.899950826061215,
    "pos_energy": -25.840597233302155,
    "neg_energy": 29.626849688580034,
    "energy_gap": -55.467446921882186,
    "epoch_time": 152.6760377883911
  },
  "19": {
    "loss": -55.46791188512355,
    "pos_energy": -26.634182227863697,
    "neg_energy": 30.495994243060125,
    "energy_gap": -57.13017647092382,
    "epoch_time": 151.9441158771515
  },
  "20": {
    "loss": -56.98887341214814,
    "pos_energy": -27.403846796892974,
    "neg_energy": 31.341706909687662,
    "energy_gap": -58.74555370658064,
    "epoch_time": 151.9577443599701
  },
  "21": {
    "loss": -58.56736272306357,
    "pos_energy": -28.183103598034183,
    "neg_energy": 32.24597340875643,
    "energy_gap": -60.42907700679061,
    "epoch_time": 152.0635859966278
  },
  "22": {
    "loss": -60.18625324361608,
    "pos_energy": -28.995241077242373,
    "neg_energy": 33.15740701575285,
    "energy_gap": -62.15264809299522,
    "epoch_time": 151.9615249633789
  },
  "23": {
    "loss": -61.89959942943461,
    "pos_energy": -29.852299991856768,
    "neg_energy": 34.132108304931016,
    "energy_gap": -63.984408296787784,
    "epoch_time": 151.9201066493988
  },
  "24": {
    "loss": -63.53339577453848,
    "pos_energy": -30.688402207651762,
    "neg_energy": 35.042354222296446,
    "energy_gap": -65.7307564299482,
    "epoch_time": 151.8101089000702
  },
  "25": {
    "loss": -65.18236842625578,
    "pos_energy": -31.513458178687493,
    "neg_energy": 35.98559280669033,
    "energy_gap": -67.49905098537782,
    "epoch_time": 151.8830144405365
  },
  "26": {
    "loss": -66.87056606160847,
    "pos_energy": -32.37624805806999,
    "neg_energy": 36.933663689372786,
    "energy_gap": -69.30991174744278,
    "epoch_time": 152.0905020236969
  },
  "27": {
    "loss": -68.51408129312317,
    "pos_energy": -33.21415349982307,
    "neg_energy": 37.866016817764496,
    "energy_gap": -71.08017031758757,
    "epoch_time": 151.72535467147827
  },
  "28": {
    "loss": -70.1235493893202,
    "pos_energy": -34.03525616478523,
    "neg_energy": 38.782825802108235,
    "energy_gap": -72.81808196689346,
    "epoch_time": 151.8553991317749
  },
  "29": {
    "loss": -71.72370936043284,
    "pos_energy": -34.85208505979726,
    "neg_energy": 39.69380008243263,
    "energy_gap": -74.54588514222989,
    "epoch_time": 151.83969235420227
  },
  "30": {
    "loss": -72.93130585967197,
    "pos_energy": -35.48027373642378,
    "neg_energy": 40.37222427778452,
    "energy_gap": -75.8524980142083,
    "epoch_time": 152.07029962539673
  },
  "31": {
    "loss": -73.74139337869369,
    "pos_energy": -35.90214177618869,
    "neg_energy": 40.827662991805816,
    "energy_gap": -76.72980476799451,
    "epoch_time": 152.11667847633362
  },
  "32": {
    "loss": -74.56197681500268,
    "pos_energy": -36.33154258776871,
    "neg_energy": 41.285274832868396,
    "energy_gap": -77.6168174206371,
    "epoch_time": 151.61596035957336
  },
  "33": {
    "loss": -75.36126509701855,
    "pos_energy": -36.74667867838802,
    "neg_energy": 41.737561566576304,
    "energy_gap": -78.48424024496433,
    "epoch_time": 152.03468012809753
  },
  "34": {
    "loss": -76.17376050570557,
    "pos_energy": -37.171663916828386,
    "neg_energy": 42.19641887454767,
    "energy_gap": -79.36808279137605,
    "epoch_time": 151.81522297859192
  },
  "35": {
    "loss": -76.94029430237988,
    "pos_energy": -37.57162990399115,
    "neg_energy": 42.630406568969256,
    "energy_gap": -80.2020364729604,
    "epoch_time": 152.0760953426361
  },
  "36": {
    "loss": -77.69897603561265,
    "pos_energy": -37.96186958049232,
    "neg_energy": 43.06797923870795,
    "energy_gap": -81.02984881920027,
    "epoch_time": 151.72788739204407
  },
  "37": {
    "loss": -78.44034246232232,
    "pos_energy": -38.34343631075225,
    "neg_energy": 43.492763968649655,
    "energy_gap": -81.83620027940191,
    "epoch_time": 152.01089024543762
  },
  "38": {
    "loss": -79.21752017286157,
    "pos_energy": -38.758022420690246,
    "neg_energy": 43.92460788624235,
    "energy_gap": -82.6826303069326,
    "epoch_time": 152.00945949554443
  },
  "39": {
    "loss": -80.0027490046815,
    "pos_energy": -39.17431908288778,
    "neg_energy": 44.363612342277655,
    "energy_gap": -83.53793142516543,
    "epoch_time": 151.77902007102966
  },
  "40": {
    "loss": -80.49516337415473,
    "pos_energy": -39.434496875914355,