{
  "0": {
    "loss": -17.749537755558734,
    "pos_energy": -7.248724156480268,
    "neg_energy": 10.68595468216646,
    "energy_gap": -17.93467883864673,
    "epoch_time": 250.71656918525696
  },
  "1": {
    "loss": -22.39937728803686,
    "pos_energy": -9.190332681970926,
    "neg_energy": 13.484517760527119,
    "energy_gap": -22.674850442498045,
    "epoch_time": 250.770916223526
  },
  "2": {
    "loss": -24.829234537180803,
    "pos_energy": -10.50612274846408,
    "neg_energy": 14.658330414267722,
    "energy_gap": -25.164453162731803,
    "epoch_time": 250.99076294898987
  },
  "3": {
    "loss": -27.066099318285758,
    "pos_energy": -11.757788186799853,
    "neg_energy": 15.703896163520373,
    "energy_gap": -27.461684350320226,
    "epoch_time": 251.29284477233887
  },
  "4": {
    "loss": -29.234577672277002,
    "pos_energy": -12.965876618359673,
    "neg_energy": 16.727643803048224,
    "energy_gap": -29.693520421407896,
    "epoch_time": 250.92748498916626
  },
  "5": {
    "loss": -31.268632207423565,
    "pos_energy": -14.085054636917407,
    "neg_energy": 17.707568770639416,
    "energy_gap": -31.792623407556825,
    "epoch_time": 250.89221143722534
  },
  "6": {
    "loss": -33.06253186078139,
    "pos_energy": -15.047363690316448,
    "neg_energy": 18.599854104192246,
    "energy_gap": -33.64721779450869,
    "epoch_time": 251.07803320884705
  },
  "7": {
    "loss": -34.770775329746144,
    "pos_energy": -15.952023119077792,
    "neg_energy": 19.464647952481513,
    "energy_gap": -35.41667107155931,
    "epoch_time": 251.376158952713
  },
  "8": {
    "loss": -36.423112808208,
    "pos_energy": -16.813848370931822,
    "neg_energy": 20.31889127860759,
    "energy_gap": -37.13273964953942,
    "epoch_time": 250.80979657173157
  },
  "9": {
    "loss": -38.067776200102784,
    "pos_energy": -17.652085535046997,
    "neg_energy": 21.190708035848814,
    "energy_gap": -38.84279357089581,
    "epoch_time": 250.76864409446716
  },
  "10": {
    "loss": -39.936611703049664,
    "pos_energy": -18.59907376659359,
    "neg_energy": 22.189354460614897,
    "energy_gap": -40.788428227208485,
    "epoch_time": 250.67159605026245
  },
  "11": {
    "loss": -41.76660700857868,
    "pos_energy": -19.52238096073556,
    "neg_energy": 23.177539857187895,
    "energy_gap": -42.699920817923456,
    "epoch_time": 250.6709885597229
  },
  "12": {
    "loss": -43.56151423045218,
    "pos_energy": -20.414106649870146,
    "neg_energy": 24.161468156626526,
    "energy_gap": -44.575574806496675,
    "epoch_time": 249.76111316680908
  },
  "13": {
    "loss": -45.263723600536544,
    "pos_energy": -21.254787557408996,
    "neg_energy": 25.1048594949798,
    "energy_gap": -46.359647052388794,
    "epoch_time": 249.54353380203247
  },
  "14": {
    "loss": -46.84112445767802,
    "pos_energy": -22.03265850980517,
    "neg_energy": 25.98409799973882,
    "energy_gap": -48.016756509543995,
    "epoch_time": 249.65970039367676
  },
  "15": {
    "loss": -48.10926552160754,
    "pos_energy": -22.64839563601759,
    "neg_energy": 26.70077750807993,
    "energy_gap": -49.34917314409752,
    "epoch_time": 249.55713725090027
  },
  "16": {
    "loss": -49.626846875179744,
    "pos_energy": -23.401343722960096,
    "neg_energy": 27.546548474613438,
    "energy_gap": -50.94789219757354,
    "epoch_time": 249.96558809280396
  },
  "17": {
    "loss": -51.036980632630566,
    "pos_energy": -24.09158254127649,
    "neg_energy": 28.344431409457275,
    "energy_gap": -52.436013950733766,
    "epoch_time": 249.82685232162476
  },
  "18": {
    "loss": -52.53391883742641,
    "pos_energy": -24.82682815190314,
    "neg_energy": 29.191654237070708,
    "energy_gap": -54.01848238897385,
    "epoch_time": 250.0818259716034
  },
  "19": {
    "loss": -53.931984675525854,
    "pos_energy": -25.5024237223685,
    "neg_energy": 29.995580206759914,
    "energy_gap": -55.498003929128416,
    "epoch_time": 250.25390362739563
  },
  "20": {
    "loss": -55.38680916955926,
    "pos_energy": -26.237197546281216,
    "neg_energy": 30.805354310058906,
    "energy_gap": -57.042551856340125,
    "epoch_time": 250.1368386745453
  },
  "21": {
    "loss": -56.97026156768604,
    "pos_energy": -27.019847415626124,
    "neg_energy": 31.703394910590138,
    "energy_gap": -58.723242326216265,
    "epoch_time": 250.05161476135254
  },
  "22": {
    "loss": -58.68523845110904,
    "pos_energy": -27.868802621331014,
    "neg_energy": 32.68159348344986,
    "energy_gap": -60.55039610478087,
    "epoch_time": 250.09826183319092
  },
  "23": {
    "loss": -60.46378397727898,
    "pos_energy": -28.75169324691714,
    "neg_energy": 33.69539727810556,
    "energy_gap": -62.4470905250227,
    "epoch_time": 250.0874330997467
  },
  "24": {
    "loss": -62.077893954385715,
    "pos_energy": -29.54038557475111,
    "neg_energy": 34.629950265725654,
    "energy_gap": -64.17033584047677,
    "epoch_time": 249.7151231765747
  },
  "25": {
    "loss": -63.86084997394479,
    "pos_energy": -30.42535980165997,
    "neg_energy": 35.65277551414109,
    "energy_gap": -66.07813531580106,
    "epoch_time": 249.9429702758789
  },
  "26": {
    "loss": -65.64319423035684,
    "pos_energy": -31.315432686506558,
    "neg_energy": 36.67416581118458,
    "energy_gap": -67.98959849769113,
    "epoch_time": 249.91315364837646
  },
  "27": {
    "loss": -67.3650624449824,
    "pos_energy": -32.190525919466104,
    "neg_energy": 37.64984169934379,
    "energy_gap": -69.84036761880989,
    "epoch_time": 250.2760283946991
  },
  "28": {
    "loss": -68.99730023959229,
    "pos_energy": -33.01450819731064,
    "neg_energy": 38.58329365592302,
    "energy_gap": -71.59780185323366,
    "epoch_time": 249.92661356925964
  },
  "29": {
    "loss": -70.64619854134573,
    "pos_energy": -33.84595214023175,
    "neg_energy": 39.53215141149855,
    "energy_gap": -73.3781035517303,
    "epoch_time": 250.25794744491577
  }
}