{
  "0": {
    "loss": -17.77087338016191,
    "pos_energy": -7.348285501758435,
    "neg_energy": 10.608676898179912,
    "energy_gap": -17.956962399938348,
    "epoch_time": 441.68563532829285
  }
}