{
  "0": {
    "loss": -18.703208502441086,
    "pos_energy": -7.584594911148666,
    "neg_energy": 11.322898517639217,
    "energy_gap": -18.907493428787884,
    "epoch_time": 560.400098323822
  },
  "1": {
    "loss": -23.62612691690553,
    "pos_energy": -9.818820753656363,
    "neg_energy": 14.113483098238047,
    "energy_gap": -23.93230385189441,
    "epoch_time": 559.7819077968597
  },
  "2": {
    "loss": -26.708355525270548,
    "pos_energy": -11.509166918158188,
    "neg_energy": 15.586496762652219,
    "energy_gap": -27.095663680810407,
    "epoch_time": 559.2695641517639
  },
  "3": {
    "loss": -29.5323784174997,
    "pos_energy": -13.056963951741126,
    "neg_energy": 16.946108217999754,
    "energy_gap": -30.003072169740882,
    "epoch_time": 559.41486287117
  },
  "4": {
    "loss": -32.20687118478971,
    "pos_energy": -14.52616631583911,
    "neg_energy": 18.238044205591383,
    "energy_gap": -32.76421052143049,
    "epoch_time": 559.3181974887848
  },
  "5": {
    "loss": -34.49826280298883,
    "pos_energy": -15.753036491694528,
    "neg_energy": 19.383944136723088,
    "energy_gap": -35.13698062841762,
    "epoch_time": 559.4261753559113
  },
  "6": {
    "loss": -36.89662820117962,
    "pos_energy": -16.989537126392726,
    "neg_energy": 20.63687090548498,
    "energy_gap": -37.6264080318777,
    "epoch_time": 559.5195055007935
  },
  "7": {
    "loss": -39.178461428448976,
    "pos_energy": -18.149564653262853,
    "neg_energy": 21.852140608026247,
    "energy_gap": -40.0017052612891,
    "epoch_time": 559.2571539878845
  },
  "8": {
    "loss": -41.36955876858846,
    "pos_energy": -19.24605732532102,
    "neg_energy": 23.043695297754233,
    "energy_gap": -42.28975262307525,
    "epoch_time": 559.1420278549194
  },
  "9": {
    "loss": -43.510737398057806,
    "pos_energy": -20.308959466236125,
    "neg_energy": 24.22064701853522,
    "energy_gap": -44.52960648477135,
    "epoch_time": 559.4651727676392
  },
  "10": {
    "loss": -45.80409213605692,
    "pos_energy": -21.439931175092685,
    "neg_energy": 25.49294369868884,
    "energy_gap": -46.93287487378153,
    "epoch_time": 559.4212083816528
  },
  "11": {
    "loss": -48.18629292864621,
    "pos_energy": -22.619926668839543,
    "neg_energy": 26.817208875496725,
    "energy_gap": -49.43713554433627,
    "epoch_time": 559.2717244625092
  },
  "12": {
    "loss": -50.35108431798695,
    "pos_energy": -23.689441581967927,
    "neg_energy": 28.029774364431127,
    "energy_gap": -51.71921594639905,
    "epoch_time": 559.3923809528351
  },
  "13": {
    "loss": -52.491778502890284,
    "pos_energy": -24.734851544001835,
    "neg_energy": 29.245648458299446,
    "energy_gap": -53.980500002301284,
    "epoch_time": 559.2402846813202
  },
  "14": {
    "loss": -54.74847940523732,
    "pos_energy": -25.852131084108674,
    "neg_energy": 30.517076052575014,
    "energy_gap": -56.369207136683684,
    "epoch_time": 559.5217161178589
  },
  "15": {
    "loss": -56.9939128461649,
    "pos_energy": -26.962927799059955,
    "neg_energy": 31.790982234489448,
    "energy_gap": -58.7539100335494,
    "epoch_time": 559.2891280651093
  },
  "16": {
    "loss": -59.13858817152743,
    "pos_energy": -28.02088301600915,
    "neg_energy": 33.01287437973975,
    "energy_gap": -61.0337573957489,
    "epoch_time": 559.2397847175598
  },
  "17": {
    "loss": -61.292263250873134,
    "pos_energy": -29.095163993945384,
    "neg_energy": 34.238803969794574,
    "energy_gap": -63.33396796373996,
    "epoch_time": 558.9816913604736
  },
  "18": {
    "loss": -63.50294322399539,
    "pos_energy": -30.189055394256034,
    "neg_energy": 35.51021449137604,
    "energy_gap": -65.69926988563208,
    "epoch_time": 559.2019257545471
  },
  "19": {
    "loss": -65.62483839022208,
    "pos_energy": -31.239536472287575,
    "neg_energy": 36.738891517280045,
    "energy_gap": -67.97842798956762,
    "epoch_time": 559.4177629947662
  },
  "20": {
    "loss": -67.37442628565485,
    "pos_energy": -32.09469606507638,
    "neg_energy": 37.767997543818666,
    "energy_gap": -69.86269360889504,
    "epoch_time": 559.4067060947418
  },
  "21": {
    "loss": -69.44247547922858,
    "pos_energy": -33.150678335990506,
    "neg_energy": 38.940843129593176,
    "energy_gap": -72.09152146558368,
    "epoch_time": 559.4894683361053
  },
  "22": {
    "loss": -71.49403362292492,
    "pos_energy": -34.194935871018,
    "neg_energy": 40.11379560750912,
    "energy_gap": -74.30873147852711,
    "epoch_time": 559.2485241889954
  },
  "23": {
    "loss": -73.62199465616979,
    "pos_energy": -35.26945708876728,
    "neg_energy": 41.33990748585931,
    "energy_gap": -76.6093645746266,
    "epoch_time": 559.2728233337402
  },
  "24": {
    "loss": -75.69048629599506,
    "pos_energy": -36.32524577936911,
    "neg_energy": 42.529785628964646,
    "energy_gap": -78.85503140833376,
    "epoch_time": 558.9628691673279
  },
  "25": {
    "loss": -77.72362200235885,
    "pos_energy": -37.35344692746913,
    "neg_energy": 43.7130722646869,
    "energy_gap": -81.06651919215602,
    "epoch_time": 559.2422487735748
  },
  "26": {
    "loss": -79.7767884532038,
    "pos_energy": -38.41003545491771,
    "neg_energy": 44.89550688905744,
    "energy_gap": -83.30554234397515,
    "epoch_time": 559.3269066810608
  },
  "27": {
    "loss": -81.76298651938022,
    "pos_energy": -39.41421920673763,
    "neg_energy": 46.065708438898945,
    "energy_gap": -85.47992764563656,
    "epoch_time": 559.2324779033661
  },
  "28": {
    "loss": -83.8072557256957,
    "pos_energy": -40.47897027022099,
    "neg_energy": 47.23837305558175,
    "energy_gap": -87.71734332580274,
    "epoch_time": 559.2082161903381
  },
  "29": {
    "loss": -85.90088265132263,
    "pos_energy": -41.548609591583926,
    "neg_energy": 48.47209075869103,
    "energy_gap": -90.02070035027495,
    "epoch_time": 559.4898097515106
  },
  "30": {
    "loss": -87.27133653624257,
    "pos_energy": -42.2735524795928,
    "neg_energy": 49.25551596796364,
    "energy_gap": -91.52906844755644,
    "epoch_time": 560.078462600708
  },
  "31": {
    "loss": -88.11450221696573,
    "pos_energy": -42.71032438543871,
    "neg_energy": 49.750809855465704,
    "energy_gap": -92.46113424090441,
    "epoch_time": 560.2889711856842
  },
  "32": {
    "loss": -89.06434975806391,
    "pos_energy": -43.20786862185549,
    "neg_energy": 50.30208172463775,
    "energy_gap": -93.50995034649324,
    "epoch_time": 560.4627676010132
  },
  "33": {
    "loss": -90.0416292965584,
    "pos_energy": -43.70284509429785,
    "neg_energy": 50.89049888412959,
    "energy_gap": -94.59334397842744,
    "epoch_time": 559.9466335773468
  },
  "34": {
    "loss": -91.06297914210016,
    "pos_energy": -44.23331757397977,
    "neg_energy": 51.48850191612867,
    "energy_gap": -95.72181949010843,
    "epoch_time": 560.5047886371613
  },
  "35": {
    "loss": -92.1058139709414,
    "pos_energy": -44.77877573092091,
    "neg_energy": 52.096154193713275,
    "energy_gap": -96.87492992463419,
    "epoch_time": 560.2193536758423
  },
  "36": {
    "loss": -93.07831699543567,
    "pos_energy": -45.29204155503272,
    "neg_energy": 52.661198277981896,
    "energy_gap": -97.9532398330146,
    "epoch_time": 560.2200453281403
  },
  "37": {
    "loss": -94.07007732995993,
    "pos_energy": -45.8007684573889,
    "neg_energy": 53.25820300260722,
    "energy_gap": -99.05897145999612,
    "epoch_time": 560.1927306652069
  },
  "38": {
    "loss": -95.00312719427544,
    "pos_energy": -46.27171814888286,
    "neg_energy": 53.82307528258515,
    "energy_gap": -100.09479343146802,
    "epoch_time": 560.0279431343079
  },
  "39": {
    "loss": -95.96190201377318,
    "pos_energy": -46.78393520608072,
    "neg_energy": 54.3775517576366,
    "energy_gap": -101.16148696371732,
    "epoch_time": 560.4307413101196
  },
  "40": {
    "loss": -96.55360608279533,
    "pos_energy": -47.094195758918524,
    "neg_energy": 54.72967978559012,