{
  "0": {
    "loss": -257.56413938680447,
    "pos_energy": -287.9736662739551,
    "neg_energy": 208.68443975283884,
    "energy_gap": -496.6581060267939,
    "epoch_time": 23.330955743789673
  },
  "1": {
    "loss": -497.4534405830579,
    "pos_energy": -496.13739154522233,
    "neg_energy": 503.7650821783604,
    "energy_gap": -999.9024737235827,
    "epoch_time": 22.086050748825073
  },
  "2": {
    "loss": -498.9805146046174,
    "pos_energy": -499.7701659373748,
    "neg_energy": 505.93383202186,
    "energy_gap": -1005.7039979592348,
    "epoch_time": 22.102073192596436
  },
  "3": {
    "loss": -499.44800391564,
    "pos_energy": -501.01622416178384,
    "neg_energy": 501.79840768667367,
    "energy_gap": -1002.8146318484576,
    "epoch_time": 22.05554699897766
  },
  "4": {
    "loss": -499.57473543607273,
    "pos_energy": -502.0148407764924,
    "neg_energy": 503.7245440360827,
    "energy_gap": -1005.739384812575,
    "epoch_time": 22.185189485549927
  },
  "5": {
    "loss": -499.7074920654297,
    "pos_energy": -501.41554307204024,
    "neg_energy": 502.15233428172576,
    "energy_gap": -1003.567877353766,
    "epoch_time": 22.1579372882843
  },
  "6": {
    "loss": -499.73856122921677,
    "pos_energy": -503.8986639560797,
    "neg_energy": 504.8315538455278,
    "energy_gap": -1008.7302178016075,
    "epoch_time": 22.45724654197693
  },
  "7": {
    "loss": -499.7738487048027,
    "pos_energy": -504.0937876383463,
    "neg_energy": 505.1649686373197,
    "energy_gap": -1009.258756275666,
    "epoch_time": 22.47292470932007
  },
  "8": {
    "loss": -499.7981921073718,
    "pos_energy": -504.2328567113632,
    "neg_energy": 505.29142902080827,
    "energy_gap": -1009.5242857321714,
    "epoch_time": 22.507150888442993
  },
  "9": {
    "loss": -499.8063379532252,
    "pos_energy": -504.72474584334935,
    "neg_energy": 505.7811595427684,
    "energy_gap": -1010.5059053861178,
    "epoch_time": 22.189627170562744
  },
  "10": {
    "loss": -499.83013994265826,
    "pos_energy": -504.1004013452774,
    "neg_energy": 505.1113707713592,
    "energy_gap": -1009.2117721166367,
    "epoch_time": 22.238458395004272
  },
  "11": {
    "loss": -499.82270679962943,
    "pos_energy": -504.85720903445514,
    "neg_energy": 506.1682437994541,
    "energy_gap": -1011.0254528339092,
    "epoch_time": 22.02973175048828
  },
  "12": {
    "loss": -499.8288912259615,
    "pos_energy": -504.99157073192106,
    "neg_energy": 506.2635501176883,
    "energy_gap": -1011.2551208496093,
    "epoch_time": 22.056661367416382
  },
  "13": {
    "loss": -499.83395604842747,
    "pos_energy": -505.06500322390826,
    "neg_energy": 506.26262034880807,
    "energy_gap": -1011.3276235727163,
    "epoch_time": 22.073895692825317
  },
  "14": {
    "loss": -499.8435348901993,
    "pos_energy": -504.92546723194613,
    "neg_energy": 506.04378607334235,
    "energy_gap": -1010.9692533052885,
    "epoch_time": 22.19394874572754
  },
  "15": {
    "loss": -499.8470389341697,
    "pos_energy": -504.5383295303736,
    "neg_energy": 506.09474025628504,
    "energy_gap": -1010.6330697866586,
    "epoch_time": 22.09137487411499
  },
  "16": {
    "loss": -499.8579853546925,
    "pos_energy": -504.491806265024,
    "neg_energy": 505.6574709378756,
    "energy_gap": -1010.1492772028996,
    "epoch_time": 22.034137964248657
  },
  "17": {
    "loss": -499.8602103991386,
    "pos_energy": -504.03131080040566,
    "neg_energy": 505.87952583508616,
    "energy_gap": -1009.9108366354918,
    "epoch_time": 22.103105783462524
  },
  "18": {
    "loss": -499.8852091471354,
    "pos_energy": -501.0930739182692,
    "neg_energy": 501.6608878111228,
    "energy_gap": -1002.753961729392,
    "epoch_time": 22.09000539779663
  },
  "19": {
    "loss": -499.9257298396184,
    "pos_energy": -499.5514592879858,
    "neg_energy": 499.33656436235475,
    "energy_gap": -998.8880236503405,
    "epoch_time": 22.128165245056152
  },
  "20": {
    "loss": -499.9704420823317,
    "pos_energy": -501.39416652581633,
    "neg_energy": 501.9320515950521,
    "energy_gap": -1003.3262181208684,
    "epoch_time": 22.176879167556763
  },
  "21": {
    "loss": -499.9745124230018,
    "pos_energy": -501.1263919928135,
    "neg_energy": 501.7814532940204,
    "energy_gap": -1002.9078452868339,
    "epoch_time": 22.124764442443848
  },
  "22": {
    "loss": -499.9776594895583,
    "pos_energy": -500.9734779553536,
    "neg_energy": 501.409282821264,
    "energy_gap": -1002.3827607766176,
    "epoch_time": 22.210683584213257
  },
  "23": {
    "loss": -499.97518944373496,
    "pos_energy": -501.36551263271235,
    "neg_energy": 501.83536118727466,
    "energy_gap": -1003.200873819987,
    "epoch_time": 22.12602162361145
  },
  "24": {
    "loss": -499.975189052484,
    "pos_energy": -501.14949098244693,
    "neg_energy": 501.90851612580127,
    "energy_gap": -1003.0580071082481,
    "epoch_time": 22.26545214653015
  },
  "25": {
    "loss": -499.97806169558794,
    "pos_energy": -501.003322660006,
    "neg_energy": 501.40103415464745,
    "energy_gap": -1002.4043568146535,
    "epoch_time": 22.290841817855835
  },
  "26": {
    "loss": -499.97725634452627,
    "pos_energy": -501.12543233235675,
    "neg_energy": 501.5990991836939,
    "energy_gap": -1002.7245315160507,
    "epoch_time": 22.307363033294678
  },
  "27": {
    "loss": -499.9756119165665,
    "pos_energy": -501.24620510003507,
    "neg_energy": 501.8325046637119,
    "energy_gap": -1003.0787097637469,
    "epoch_time": 22.079224109649658
  },
  "28": {
    "loss": -499.97440928923777,
    "pos_energy": -501.1693512745393,
    "neg_energy": 502.16116098257214,
    "energy_gap": -1003.3305122571114,
    "epoch_time": 22.11884307861328
  },
  "29": {
    "loss": -499.97435185359075,
    "pos_energy": -501.6562460092398,
    "neg_energy": 502.0516774495443,
    "energy_gap": -1003.7079234587841,
    "epoch_time": 22.097288846969604
  }
}