{
  "0": {
    "loss": -17.766857006459492,
    "pos_energy": -7.346269236817937,
    "neg_energy": 10.606666071028013,
    "energy_gap": -17.952935307845948,
    "epoch_time": 443.7428023815155
  },
  "1": {
    "loss": -22.425173421217444,
    "pos_energy": -9.350543514256593,
    "neg_energy": 13.350354385131757,
    "energy_gap": -22.70089789938835,
    "epoch_time": 443.9821228981018
  },
  "2": {
    "loss": -24.86623909348257,
    "pos_energy": -10.68271726591181,
    "neg_energy": 14.519513646710697,
    "energy_gap": -25.202230912622507,
    "epoch_time": 443.61630487442017
  },
  "3": {
    "loss": -27.130215760840343,
    "pos_energy": -11.959290703493869,
    "neg_energy": 15.568146154914103,
    "energy_gap": -27.527436858407974,
    "epoch_time": 443.7054717540741
  },
  "4": {
    "loss": -29.269279909805512,
    "pos_energy": -13.16449381111526,
    "neg_energy": 16.5655720328552,
    "energy_gap": -29.73006584397046,
    "epoch_time": 444.1563391685486
  },
  "5": {
    "loss": -31.244662764740966,
    "pos_energy": -14.26705994892975,
    "neg_energy": 17.500406270143163,
    "energy_gap": -31.767466219072915,
    "epoch_time": 444.5344228744507
  },
  "6": {
    "loss": -33.04139069131028,
    "pos_energy": -15.257462877622793,
    "neg_energy": 18.368132016112344,
    "energy_gap": -33.62559489373514,
    "epoch_time": 444.7492644786835
  },
  "7": {
    "loss": -34.77909312327601,
    "pos_energy": -16.18970216221144,
    "neg_energy": 19.2351163529556,
    "energy_gap": -35.42481851516704,
    "epoch_time": 444.9553484916687
  },
  "8": {
    "loss": -36.557778899404056,
    "pos_energy": -17.123103952591002,
    "neg_energy": 20.148702115927097,
    "energy_gap": -37.2718060685181,
    "epoch_time": 444.6467778682709
  },
  "9": {
    "loss": -38.22187140412276,
    "pos_energy": -17.985616288325545,
    "neg_energy": 21.018106682810373,
    "energy_gap": -39.003722971135915,
    "epoch_time": 444.4611053466797
  },
  "10": {
    "loss": -39.78813194343284,
    "pos_energy": -18.780759530549776,
    "neg_energy": 21.853880346202974,
    "energy_gap": -40.63463987675275,
    "epoch_time": 444.4926631450653
  },
  "11": {
    "loss": -41.37321937648954,
    "pos_energy": -19.584324195656674,
    "neg_energy": 22.70234424234505,
    "energy_gap": -42.286668438001726,
    "epoch_time": 444.72981572151184
  },
  "12": {
    "loss": -43.23025275803101,
    "pos_energy": -20.524253757296083,
    "neg_energy": 23.703866296785282,
    "energy_gap": -44.228120054081366,
    "epoch_time": 444.28450870513916
  },
  "13": {
    "loss": -45.162740582845885,
    "pos_energy": -21.49968593465534,
    "neg_energy": 24.755650216272333,
    "energy_gap": -46.255336150927675,
    "epoch_time": 444.5015769004822
  },
  "14": {
    "loss": -46.793553546509884,
    "pos_energy": -22.308997783099187,
    "neg_energy": 25.659904538592976,
    "energy_gap": -47.96890232169216,
    "epoch_time": 443.6024389266968
  },
  "15": {
    "loss": -48.60300956462318,
    "pos_energy": -23.20753212561223,
    "neg_energy": 26.665558992061055,
    "energy_gap": -49.87309111767328,
    "epoch_time": 443.65438437461853
  },
  "16": {
    "loss": -50.33459762299717,
    "pos_energy": -24.07426354460771,
    "neg_energy": 27.624136100505286,
    "energy_gap": -51.698399645113,
    "epoch_time": 443.56076765060425
  },
  "17": {
    "loss": -51.98974784235643,
    "pos_energy": -24.89502333129414,
    "neg_energy": 28.55153088929864,
    "energy_gap": -53.44655422059278,
    "epoch_time": 444.1226019859314
  },
  "18": {
    "loss": -53.753573125822136,
    "pos_energy": -25.77994133904099,
    "neg_energy": 29.53166769469746,
    "energy_gap": -55.31160903373845,
    "epoch_time": 445.2598955631256
  },
  "19": {
    "loss": -55.3350378712985,
    "pos_energy": -26.57586067678376,
    "neg_energy": 30.410953262856616,
    "energy_gap": -56.98681393964037,
    "epoch_time": 444.5881304740906
  },
  "20": {
    "loss": -56.78836286693773,
    "pos_energy": -27.269556265329125,
    "neg_energy": 31.266575907317684,
    "energy_gap": -58.53613217264681,
    "epoch_time": 444.102961063385
  },
  "21": {
    "loss": -58.20571148197111,
    "pos_energy": -27.993350970455076,
    "neg_energy": 32.05153202735813,
    "energy_gap": -60.044882997813204,
    "epoch_time": 444.33547806739807
  },
  "22": {
    "loss": -59.67687488121199,
    "pos_energy": -28.730334901015983,
    "neg_energy": 32.878692016406184,
    "energy_gap": -61.60902691742217,
    "epoch_time": 444.70467495918274
  },
  "23": {
    "loss": -61.07362748657695,
    "pos_energy": -29.427666804549332,
    "neg_energy": 33.675239992813324,
    "energy_gap": -63.10290679736266,
    "epoch_time": 444.47410440444946
  },
  "24": {
    "loss": -62.8622673659868,
    "pos_energy": -30.341383742309258,
    "neg_energy": 34.673370463900014,
    "energy_gap": -65.01475420620928,
    "epoch_time": 444.8843741416931
  },
  "25": {
    "loss": -64.4368209692336,
    "pos_energy": -31.14645857084423,
    "neg_energy": 35.554417467300475,
    "energy_gap": -66.70087603814471,
    "epoch_time": 444.3354666233063
  },
  "26": {
    "loss": -66.08606947582601,
    "pos_energy": -31.971650613254834,
    "neg_energy": 36.4980510218348,
    "energy_gap": -68.46970163508963,
    "epoch_time": 444.2875850200653
  },
  "27": {
    "loss": -67.69474169234155,
    "pos_energy": -32.785954420453606,
    "neg_energy": 37.415418695701376,
    "energy_gap": -70.20137311615498,
    "epoch_time": 444.0580382347107
  },
  "28": {
    "loss": -69.41055975802882,
    "pos_energy": -33.668722570324064,
    "neg_energy": 38.37991033107157,
    "energy_gap": -72.04863290139564,
    "epoch_time": 444.23534655570984
  },
  "29": {
    "loss": -71.05801628005337,
    "pos_energy": -34.51494809882131,
    "neg_energy": 39.31136977993114,
    "energy_gap": -73.82631787875245,
    "epoch_time": 444.07562494277954
  }
}