{
  "0": {
    "loss": -17.738446293517985,
    "pos_energy": -7.231573653066347,
    "neg_energy": 10.691772082217142,
    "energy_gap": -17.92334573528349,
    "epoch_time": 151.46127438545227
  },
  "1": {
    "loss": -22.189321576556843,
    "pos_energy": -9.090778369757032,
    "neg_energy": 13.369004825929062,
    "energy_gap": -22.459783195686093,
    "epoch_time": 151.2847490310669
  },
  "2": {
    "loss": -24.554910415571264,
    "pos_energy": -10.374433192645084,
    "neg_energy": 14.508467817123355,
    "energy_gap": -24.88290100976844,
    "epoch_time": 151.33103847503662
  },
  "3": {
    "loss": -26.716585068940812,
    "pos_energy": -11.575096209742195,
    "neg_energy": 15.52743144407773,
    "energy_gap": -27.102527653819926,
    "epoch_time": 151.29123210906982
  },
  "4": {
    "loss": -28.80888219923735,
    "pos_energy": -12.740556218712644,
    "neg_energy": 16.515099546210255,
    "energy_gap": -29.2556557649229,
    "epoch_time": 151.32544684410095
  },
  "5": {
    "loss": -30.883080427533685,
    "pos_energy": -13.881969451904297,
    "neg_energy": 17.51267281018207,
    "energy_gap": -31.394642262086368,
    "epoch_time": 151.4154851436615
  },
  "6": {
    "loss": -32.75894135000153,
    "pos_energy": -14.898924522302215,
    "neg_energy": 18.43489247858143,
    "energy_gap": -33.33381700088364,
    "epoch_time": 151.4293565750122
  },
  "7": {
    "loss": -34.329851553473674,
    "pos_energy": -15.725288247024205,
    "neg_energy": 19.235430884758124,
    "energy_gap": -34.96071913178233,
    "epoch_time": 151.3012170791626
  },
  "8": {
    "loss": -36.063763148348094,
    "pos_energy": -16.624882972805203,
    "neg_energy": 20.13481087873901,
    "energy_gap": -36.75969385154421,
    "epoch_time": 151.3870346546173
  },
  "9": {
    "loss": -37.693516202528556,
    "pos_energy": -17.46367356352861,
    "neg_energy": 20.990570488415667,
    "energy_gap": -38.45424405194427,
    "epoch_time": 151.31760501861572
  },
  "10": {
    "loss": -39.27423002411553,
    "pos_energy": -18.268665824137944,
    "neg_energy": 21.831676265799587,
    "energy_gap": -40.10034208993753,
    "epoch_time": 151.33607459068298
  },
  "11": {
    "loss": -40.88004718638871,
    "pos_energy": -19.07102951899686,
    "neg_energy": 22.70558879866948,
    "energy_gap": -41.77661831766634,
    "epoch_time": 151.4037253856659
  },
  "12": {
    "loss": -42.67290009365497,
    "pos_energy": -19.975070428298775,
    "neg_energy": 23.673687147269938,
    "energy_gap": -43.64875757556871,
    "epoch_time": 151.3952226638794
  },
  "13": {
    "loss": -44.453568579445424,
    "pos_energy": -20.857117031356285,
    "neg_energy": 24.657589933173146,
    "energy_gap": -45.51470696452943,
    "epoch_time": 151.32867884635925
  },
  "14": {
    "loss": -46.14478353776333,
    "pos_energy": -21.695230171408756,
    "neg_energy": 25.593903195995374,
    "energy_gap": -47.28913336740413,
    "epoch_time": 151.4035415649414
  },
  "15": {
    "loss": -47.93112778999436,
    "pos_energy": -22.564841657533535,
    "neg_energy": 26.60279885510629,
    "energy_gap": -49.16764051263982,
    "epoch_time": 151.37559866905212
  },
  "16": {
    "loss": -49.63450969837692,
    "pos_energy": -23.412054682205337,
    "neg_energy": 27.54926584319482,
    "energy_gap": -50.961320525400154,
    "epoch_time": 151.28046226501465
  },
  "17": {
    "loss": -51.07459191628821,
    "pos_energy": -24.112670580953093,
    "neg_energy": 28.369702965593522,
    "energy_gap": -52.48237354654661,
    "epoch_time": 151.2672643661499
  },
  "18": {
    "loss": -52.43195203812876,
    "pos_energy": -24.786582897933588,
    "neg_energy": 29.130998948472104,
    "energy_gap": -53.917581846405696,
    "epoch_time": 151.35348868370056
  },
  "19": {
    "loss": -53.696609492185935,
    "pos_energy": -25.396067403190116,
    "neg_energy": 29.8576496480827,
    "energy_gap": -55.253717051272815,
    "epoch_time": 151.35179829597473
  },
  "20": {
    "loss": -54.972290390737534,
    "pos_energy": -26.03749898698052,
    "neg_energy": 30.567739203400556,
    "energy_gap": -56.60523819038107,
    "epoch_time": 151.3694941997528
  },
  "21": {
    "loss": -56.5194118319034,
    "pos_energy": -26.789668103949513,
    "neg_energy": 31.45712813647242,
    "energy_gap": -58.24679624042193,
    "epoch_time": 151.48291635513306
  },
  "22": {
    "loss": -58.2170483324195,
    "pos_energy": -27.634638829054204,
    "neg_energy": 32.41547399904297,
    "energy_gap": -60.05011282809718,
    "epoch_time": 151.71072149276733
  },
  "23": {
    "loss": -60.106233257337664,
    "pos_energy": -28.587469735920962,
    "neg_energy": 33.47634643964975,
    "energy_gap": -62.063816175570715,
    "epoch_time": 151.49214005470276
  },
  "24": {
    "loss": -61.926877015684084,
    "pos_energy": -29.48747766521615,
    "neg_energy": 34.52094979963901,
    "energy_gap": -64.00842746485516,
    "epoch_time": 151.4059920310974
  },
  "25": {
    "loss": -63.69566712031444,
    "pos_energy": -30.361386161149692,
    "neg_energy": 35.54078014437276,
    "energy_gap": -65.90216630552246,
    "epoch_time": 151.4620544910431
  },
  "26": {
    "loss": -65.31313791897782,
    "pos_energy": -31.16759975985284,
    "neg_energy": 36.467027593361124,
    "energy_gap": -67.63462735321397,
    "epoch_time": 151.34495282173157
  },
  "27": {
    "loss": -66.67181542038765,
    "pos_energy": -31.85194276817019,
    "neg_energy": 37.24156195314532,
    "energy_gap": -69.09350472131551,
    "epoch_time": 151.42154836654663
  },
  "28": {
    "loss": -68.07469556273632,
    "pos_energy": -32.55155613907779,
    "neg_energy": 38.052198666463894,
    "energy_gap": -70.60375480554168,
    "epoch_time": 151.44256496429443
  },
  "29": {
    "loss": -69.871406350032,
    "pos_energy": -33.46169500314319,
    "neg_energy": 39.078086393896044,
    "energy_gap": -72.53978139703923,
    "epoch_time": 151.40190625190735
  },
  "30": {
    "loss": -71.15265934903857,
    "pos_energy": -34.1266032816048,
    "neg_energy": 39.80006006218865,
    "energy_gap": -73.92666334379345,
    "epoch_time": 151.40806365013123
  },
  "31": {
    "loss": -71.87317221784409,
    "pos_energy": -34.49378628797934,
    "neg_energy": 40.21187962276835,
    "energy_gap": -74.70566591074768,
    "epoch_time": 151.3805079460144
  },
  "32": {
    "loss": -72.58310651596011,
    "pos_energy": -34.85801046178527,
    "neg_energy": 40.61822854114098,
    "energy_gap": -75.47623900292625,
    "epoch_time": 151.41407418251038
  },
  "33": {
    "loss": -73.22559344966952,
    "pos_energy": -35.15472057503714,
    "neg_energy": 41.02546796420167,
    "energy_gap": -76.1801885392388,
    "epoch_time": 151.43457078933716
  },
  "34": {
    "loss": -74.04737964390793,
    "pos_energy": -35.59407419553945,
    "neg_energy": 41.468756486450665,
    "energy_gap": -77.0628306819901,
    "epoch_time": 151.5397231578827
  },
  "35": {
    "loss": -74.92987042963124,
    "pos_energy": -36.05428356703051,
    "neg_energy": 41.96613936479205,
    "energy_gap": -78.02042293182257,
    "epoch_time": 151.43081259727478
  },
  "36": {
    "loss": -75.77604383207314,
    "pos_energy": -36.49092804423978,
    "neg_energy": 42.446979044036276,
    "energy_gap": -78.93790708827606,
    "epoch_time": 151.39225101470947
  },
  "37": {
    "loss": -76.56074683156423,
    "pos_energy": -36.89096740449131,
    "neg_energy": 42.90341039015297,
    "energy_gap": -79.79437779464428,
    "epoch_time": 151.39319443702698
  },
  "38": {
    "loss": -77.28710179444923,
    "pos_energy": -37.25498493013858,
    "neg_energy": 43.33062548277167,
    "energy_gap": -80.58561041291026,
    "epoch_time": 151.43373918533325
  },
  "39": {
    "loss": -77.96432066269018,
    "pos_energy": -37.60469842537112,
    "neg_energy": 43.71556316966742,
    "energy_gap": -81.32026159503855,
    "epoch_time": 151.51625275611877
  },
  "40": {
    "loss": -78.43086670547075,
    "pos_energy": -37.8445241100199,