{
  "0": {
    "loss": -17.77087338016191,
    "pos_energy": -7.348285501758435,
    "neg_energy": 10.608676898179912,
    "energy_gap": -17.956962399938348,
    "epoch_time": 441.63265109062195
  },
  "1": {
    "loss": -22.46173494268166,
    "pos_energy": -9.368203132619625,
    "neg_energy": 13.370382393215438,
    "energy_gap": -22.738585525835063,
    "epoch_time": 443.47707891464233
  },
  "2": {
    "loss": -24.89509601080158,
    "pos_energy": -10.689749160893596,
    "neg_energy": 14.542160333347686,
    "energy_gap": -25.231909494241282,
    "epoch_time": 443.0863869190216
  },
  "3": {
    "loss": -27.15979611766781,
    "pos_energy": -11.96227412522984,
    "neg_energy": 15.59593009826621,
    "energy_gap": -27.55820422349605,
    "epoch_time": 442.62710452079773
  },
  "4": {
    "loss": -29.226347067292004,
    "pos_energy": -13.125591032636303,
    "neg_energy": 16.560587564290103,
    "energy_gap": -29.686178596926403,
    "epoch_time": 442.6828238964081
  },
  "5": {
    "loss": -31.02637797708548,
    "pos_energy": -14.126849252649519,
    "neg_energy": 17.417065487323132,
    "energy_gap": -31.54391473997265,
    "epoch_time": 441.9998691082001
  },
  "6": {
    "loss": -32.851787225232385,
    "pos_energy": -15.12954031398446,
    "neg_energy": 18.30075051018279,
    "energy_gap": -33.43029082416725,
    "epoch_time": 442.48163080215454
  },
  "7": {
    "loss": -34.54894944800305,
    "pos_energy": -16.044262204676983,
    "neg_energy": 19.14342431374915,
    "energy_gap": -35.18768651842613,
    "epoch_time": 442.2976531982422
  },
  "8": {
    "loss": -36.369037891930105,
    "pos_energy": -17.00230263137329,
    "neg_energy": 20.07279461019323,
    "energy_gap": -37.075097241566525,
    "epoch_time": 442.58695554733276
  },
  "9": {
    "loss": -38.34339170175081,
    "pos_energy": -18.032271852871826,
    "neg_energy": 21.0956014103224,
    "energy_gap": -39.127873263194225,
    "epoch_time": 442.5497798919678
  },
  "10": {
    "loss": -40.11561782778301,
    "pos_energy": -18.93417563786427,
    "neg_energy": 22.04254745307561,
    "energy_gap": -40.976723090939885,
    "epoch_time": 442.93463611602783
  },
  "11": {
    "loss": -41.756170700210006,
    "pos_energy": -19.7671376715549,
    "neg_energy": 22.924275890355226,
    "energy_gap": -42.691413561910124,
    "epoch_time": 444.06360030174255
  },
  "12": {
    "loss": -43.29726573050251,
    "pos_energy": -20.54393307713937,
    "neg_energy": 23.76083763063946,
    "energy_gap": -44.30477070777883,
    "epoch_time": 443.8586947917938
  },
  "13": {
    "loss": -44.667192837645544,
    "pos_energy": -21.22907886920299,
    "neg_energy": 24.51127023733532,
    "energy_gap": -45.74034910653831,
    "epoch_time": 444.5372097492218
  },
  "14": {
    "loss": -46.33452233034884,
    "pos_energy": -22.067337192432827,
    "neg_energy": 25.422756854459053,
    "energy_gap": -47.49009404689188,
    "epoch_time": 443.84663486480713
  },
  "15": {
    "loss": -47.86700200118725,
    "pos_energy": -22.82820931897426,
    "neg_energy": 26.273737078286928,
    "energy_gap": -49.10194639726119,
    "epoch_time": 444.0036973953247
  },
  "16": {
    "loss": -49.617218276450025,
    "pos_energy": -23.69275155354401,
    "neg_energy": 27.25222146037904,
    "energy_gap": -50.94497301392305,
    "epoch_time": 443.3867874145508
  },
  "17": {
    "loss": -51.29760256192138,
    "pos_energy": -24.535660078217216,
    "neg_energy": 28.18326024484085,
    "energy_gap": -52.718920323058065,
    "epoch_time": 442.91207551956177
  },
  "18": {
    "loss": -52.883319112311256,
    "pos_energy": -25.32609505598432,
    "neg_energy": 29.06969884659966,
    "energy_gap": -54.39579390258398,
    "epoch_time": 442.0211637020111
  },
  "19": {
    "loss": -54.75109882818752,
    "pos_energy": -26.249462618565286,
    "neg_energy": 30.12225615566122,
    "energy_gap": -56.37171877422651,
    "epoch_time": 442.74280881881714
  },
  "20": {
    "loss": -56.585459847151085,
    "pos_energy": -27.179285931068254,
    "neg_energy": 31.140274770739136,
    "energy_gap": -58.31956070180739,
    "epoch_time": 442.41953206062317
  },
  "21": {
    "loss": -58.21239658507128,
    "pos_energy": -27.994595392107506,
    "neg_energy": 32.05640678552293,
    "energy_gap": -60.05100217763044,
    "epoch_time": 443.46568775177
  },
  "22": {
    "loss": -59.71376239322365,
    "pos_energy": -28.74575991026113,
    "neg_energy": 32.90928023236967,
    "energy_gap": -61.655040142630796,
    "epoch_time": 442.4804036617279
  },
  "23": {
    "loss": -61.296003353885745,
    "pos_energy": -29.532405723835534,
    "neg_energy": 33.805867384398944,
    "energy_gap": -63.338273108234475,
    "epoch_time": 442.531453371048
  },
  "24": {
    "loss": -62.936263388464,
    "pos_energy": -30.361241273477045,
    "neg_energy": 34.733892951213136,
    "energy_gap": -65.09513422469018,
    "epoch_time": 443.2748911380768
  },
  "25": {
    "loss": -64.4931619084904,
    "pos_energy": -31.14929949458827,
    "neg_energy": 35.616757875215384,
    "energy_gap": -66.76605736980366,
    "epoch_time": 442.7498652935028
  },
  "26": {
    "loss": -66.0830302610898,
    "pos_energy": -31.945704971782376,
    "neg_energy": 36.532089672992235,
    "energy_gap": -68.4777946447746,
    "epoch_time": 442.49386858940125
  },
  "27": {
    "loss": -67.4046309076717,
    "pos_energy": -32.62608606531434,
    "neg_energy": 37.27230913599383,
    "energy_gap": -69.89839520130818,
    "epoch_time": 442.19312286376953
  },
  "28": {
    "loss": -68.76599519658791,
    "pos_energy": -33.30120579014972,
    "neg_energy": 38.06583255079126,
    "energy_gap": -71.36703834094098,
    "epoch_time": 442.80988669395447
  },
  "29": {
    "loss": -70.24789523467823,
    "pos_energy": -34.07653007067731,
    "neg_energy": 38.887867071564465,
    "energy_gap": -72.96439714224178,
    "epoch_time": 443.01236605644226
  }
}