{
  "0": {
    "loss": -17.760570891875243,
    "pos_energy": -7.250785471008144,
    "neg_energy": 10.695084713151376,
    "energy_gap": -17.94587018415952,
    "epoch_time": 248.3989872932434
  },
  "1": {
    "loss": -22.434339105701323,
    "pos_energy": -9.214076183211635,
    "neg_energy": 13.496360933887516,
    "energy_gap": -22.71043711709915,
    "epoch_time": 248.61809134483337
  },
  "2": {
    "loss": -24.860064126770567,
    "pos_energy": -10.53053022987864,
    "neg_energy": 14.665600921982534,
    "energy_gap": -25.196131151861174,
    "epoch_time": 247.9971959590912
  },
  "3": {
    "loss": -27.073534043589262,
    "pos_energy": -11.7642567081427,
    "neg_energy": 15.705411293137242,
    "energy_gap": -27.469668001279942,
    "epoch_time": 248.18292999267578
  },
  "4": {
    "loss": -29.130409033136697,
    "pos_energy": -12.90982768294448,
    "neg_energy": 16.67730285019331,
    "energy_gap": -29.58713053313779,
    "epoch_time": 248.06204915046692
  },
  "5": {
    "loss": -31.026771491682027,
    "pos_energy": -13.95104696564424,
    "neg_energy": 17.592526183085617,
    "energy_gap": -31.543573148729855,
    "epoch_time": 248.07780694961548
  },
  "6": {
    "loss": -32.82538116787216,
    "pos_energy": -14.918804183354299,
    "neg_energy": 18.48379799162685,
    "energy_gap": -33.40260217498115,
    "epoch_time": 247.54194259643555
  },
  "7": {
    "loss": -34.608970456483576,
    "pos_energy": -15.867721146108552,
    "neg_energy": 19.381407025834203,
    "energy_gap": -35.24912817194276,
    "epoch_time": 248.27513980865479
  },
  "8": {
    "loss": -36.47502750196469,
    "pos_energy": -16.83332483044965,
    "neg_energy": 20.352362055174062,
    "energy_gap": -37.18568688562371,
    "epoch_time": 248.8023190498352
  },
  "9": {
    "loss": -38.07259190616779,
    "pos_energy": -17.65650426593541,
    "neg_energy": 21.192052653138067,
    "energy_gap": -38.848556919073474,
    "epoch_time": 248.97616958618164
  },
  "10": {
    "loss": -39.69436709981569,
    "pos_energy": -18.48138608944706,
    "neg_energy": 22.056107952103268,
    "energy_gap": -40.53749404155033,
    "epoch_time": 248.4741654396057
  },
  "11": {
    "loss": -41.47749182082016,
    "pos_energy": -19.380130486970675,
    "neg_energy": 23.017672139459627,
    "energy_gap": -42.397802626430305,
    "epoch_time": 248.4257686138153
  },
  "12": {
    "loss": -43.29746625853867,
    "pos_energy": -20.28433672261452,
    "neg_energy": 24.018641595193273,
    "energy_gap": -44.30297831780779,
    "epoch_time": 248.8847198486328
  },
  "13": {
    "loss": -44.96015789994205,
    "pos_energy": -21.107189234637115,
    "neg_energy": 24.938044449126064,
    "energy_gap": -46.04523368376318,
    "epoch_time": 248.91872906684875
  },
  "14": {
    "loss": -46.507254714086635,
    "pos_energy": -21.873718139609363,
    "neg_energy": 25.793333742285814,
    "energy_gap": -47.667051881895176,
    "epoch_time": 248.8266613483429
  },
  "15": {
    "loss": -48.06638788474812,
    "pos_energy": -22.631481065640223,
    "neg_energy": 26.678489829147672,
    "energy_gap": -49.309970894787895,
    "epoch_time": 248.52109670639038
  },
  "16": {
    "loss": -49.52254433821167,
    "pos_energy": -23.355424741776744,
    "neg_energy": 27.48968069440424,
    "energy_gap": -50.84510543618099,
    "epoch_time": 248.49028706550598
  },
  "17": {
    "loss": -51.135756357073326,
    "pos_energy": -24.161176300537267,
    "neg_energy": 28.38547418914287,
    "energy_gap": -52.54665048968013,
    "epoch_time": 248.6229212284088
  },
  "18": {
    "loss": -52.9262890882895,
    "pos_energy": -25.031478312806193,
    "neg_energy": 29.408571819642443,
    "energy_gap": -54.44005013244863,
    "epoch_time": 248.62071180343628
  },
  "19": {
    "loss": -54.70962499503747,
    "pos_energy": -25.916145695919568,
    "neg_energy": 30.41036760913883,
    "energy_gap": -56.3265133050584,
    "epoch_time": 248.49680399894714
  },
  "20": {
    "loss": -56.419849723005115,
    "pos_energy": -26.75674653877522,
    "neg_energy": 31.38525725937378,
    "energy_gap": -58.142003798149005,
    "epoch_time": 248.57581877708435
  },
  "21": {
    "loss": -57.88065947704828,
    "pos_energy": -27.470999958267896,
    "neg_energy": 32.22557982470406,
    "energy_gap": -59.69657978297196,
    "epoch_time": 248.3786642551422
  },
  "22": {
    "loss": -59.32858878122249,
    "pos_energy": -28.19018527334997,
    "neg_energy": 33.052262500367306,
    "energy_gap": -61.242447773717274,
    "epoch_time": 248.35372138023376
  },
  "23": {
    "loss": -60.906036811662545,
    "pos_energy": -28.97328169672498,
    "neg_energy": 33.9522207067199,
    "energy_gap": -62.92550240344488,
    "epoch_time": 248.2055926322937
  },
  "24": {
    "loss": -62.75922269247253,
    "pos_energy": -29.895969991647327,
    "neg_energy": 35.006173708985315,
    "energy_gap": -64.90214370063265,
    "epoch_time": 247.46606135368347
  },
  "25": {
    "loss": -64.55289729334481,
    "pos_energy": -30.787614617243925,
    "neg_energy": 36.03864540852292,
    "energy_gap": -66.82626002576684,
    "epoch_time": 247.45375847816467
  },
  "26": {
    "loss": -66.05348183098279,
    "pos_energy": -31.54188029866823,
    "neg_energy": 36.89505293549404,
    "energy_gap": -68.43693323416227,
    "epoch_time": 247.49942302703857
  },
  "27": {
    "loss": -67.34744958230384,
    "pos_energy": -32.17506863670984,
    "neg_energy": 37.65591203540602,
    "energy_gap": -69.83098067211586,
    "epoch_time": 247.54482650756836
  },
  "28": {
    "loss": -68.88432859061774,
    "pos_energy": -32.940945428709064,
    "neg_energy": 38.540537454407286,
    "energy_gap": -71.48148288311634,
    "epoch_time": 247.49679565429688
  },
  "29": {
    "loss": -70.40850451050586,
    "pos_energy": -33.71778379237606,
    "neg_energy": 39.4099709416779,
    "energy_gap": -73.12775473405395,
    "epoch_time": 247.49850988388062
  },
  "30": {
    "loss": -71.51701285622336,
    "pos_energy": -34.2996765166025,
    "neg_energy": 40.02566737371584,
    "energy_gap": -74.32534389031835,
    "epoch_time": 247.66536045074463
  },
  "31": {
    "loss": -72.2254887677338,
    "pos_energy": -34.66578941491746,
    "neg_energy": 40.42525226236458,
    "energy_gap": -75.09104167728205,
    "epoch_time": 247.7727174758911
  },
  "32": {
    "loss": -72.96671305911642,
    "pos_energy": -35.03846624962957,
    "neg_energy": 40.85769111154632,
    "energy_gap": -75.8961573611759,
    "epoch_time": 247.73409223556519
  },
  "33": {
    "loss": -73.6125516610628,
    "pos_energy": -35.353423637556205,
    "neg_energy": 41.240967788403225,
    "energy_gap": -76.59439142595943,
    "epoch_time": 247.81987118721008
  },
  "34": {
    "loss": -74.25705415185985,
    "pos_energy": -35.691556473852884,
    "neg_energy": 41.5995102514836,
    "energy_gap": -77.29106672533649,
    "epoch_time": 247.75950407981873
  },
  "35": {
    "loss": -74.97552205963721,
    "pos_energy": -36.056922585344495,
    "neg_energy": 42.01147871225042,
    "energy_gap": -78.06840129759492,
    "epoch_time": 247.96280097961426
  },
  "36": {
    "loss": -75.7439716646827,
    "pos_energy": -36.44319886953669,
    "neg_energy": 42.45518443831714,
    "energy_gap": -78.89838330785383,
    "epoch_time": 248.76402163505554
  },
  "37": {
    "loss": -76.53747539056248,
    "pos_energy": -36.85505959074873,
    "neg_energy": 42.91026079517321,
    "energy_gap": -79.76532038592194,
    "epoch_time": 249.04588150978088
  },
  "38": {
    "loss": -77.29689096213913,
    "pos_energy": -37.24354226946373,
    "neg_energy": 43.34964447900672,
    "energy_gap": -80.59318674847046,
    "epoch_time": 248.9691252708435
  },
  "39": {
    "loss": -78.06054273304957,
    "pos_energy": -37.6456750584015,
    "neg_energy": 43.77576156401298,
    "energy_gap": -81.42143662241449,
    "epoch_time": 248.7143268585205
  },
  "40": {
    "loss": -78.56807536810217,
    "pos_energy": -37.92253354081119,