{
  "0": {
    "loss": -18.661598173226878,
    "pos_energy": -7.566004875099052,
    "neg_energy": 11.299027568353814,
    "energy_gap": -18.86503244345287,
    "epoch_time": 395.969229221344
  },
  "1": {
    "loss": -23.6491808364531,
    "pos_energy": -9.829777102878069,
    "neg_energy": 14.125839558618786,
    "energy_gap": -23.955616661496855,
    "epoch_time": 394.8973741531372
  },
  "2": {
    "loss": -26.73398543366094,
    "pos_energy": -11.517773202242013,
    "neg_energy": 15.604176020187099,
    "energy_gap": -27.121949222429112,
    "epoch_time": 395.070264339447
  },
  "3": {
    "loss": -29.567392730346445,
    "pos_energy": -13.07402276397324,
    "neg_energy": 16.96468507545024,
    "energy_gap": -30.03870783942348,
    "epoch_time": 395.43047523498535
  },
  "4": {
    "loss": -32.15544308892359,
    "pos_energy": -14.498872749629099,
    "neg_energy": 18.21306672219928,
    "energy_gap": -32.71193947182838,
    "epoch_time": 395.30593180656433
  },
  "5": {
    "loss": -34.32833762997967,
    "pos_energy": -15.663871811858515,
    "neg_energy": 19.297993717688303,
    "energy_gap": -34.96186552954682,
    "epoch_time": 395.84115529060364
  },
  "6": {
    "loss": -36.47709449086478,
    "pos_energy": -16.77713593328148,
    "neg_energy": 20.415010542049647,
    "energy_gap": -37.19214647533113,
    "epoch_time": 395.4737756252289
  },
  "7": {
    "loss": -38.61432600067168,
    "pos_energy": -17.855182915210264,
    "neg_energy": 21.559566191820775,
    "energy_gap": -39.41474910703104,
    "epoch_time": 395.5350842475891
  },
  "8": {
    "loss": -40.845703539083374,
    "pos_energy": -18.986258918109932,
    "neg_energy": 22.757823726056746,
    "energy_gap": -41.74408264416668,
    "epoch_time": 395.5257308483124
  },
  "9": {
    "loss": -42.93548337366579,
    "pos_energy": -20.020502982748802,
    "neg_energy": 23.909385699474615,
    "energy_gap": -43.92988868222342,
    "epoch_time": 395.6911828517914
  },
  "10": {
    "loss": -44.91438991169192,
    "pos_energy": -21.0122455300103,
    "neg_energy": 24.989822693677272,
    "energy_gap": -46.00206822368757,
    "epoch_time": 395.5829117298126
  },
  "11": {
    "loss": -47.19415817114164,
    "pos_energy": -22.139333609545265,
    "neg_energy": 26.258704935782923,
    "energy_gap": -48.39803854532819,
    "epoch_time": 395.44389367103577
  },
  "12": {
    "loss": -49.39760184310928,
    "pos_energy": -23.215333944095313,
    "neg_energy": 27.501415862817243,
    "energy_gap": -50.71674980691256,
    "epoch_time": 395.6795868873596
  },
  "13": {
    "loss": -51.86443259965675,
    "pos_energy": -24.42562326619994,
    "neg_energy": 28.89660945199752,
    "energy_gap": -53.322232718197455,
    "epoch_time": 395.22753524780273
  },
  "14": {
    "loss": -53.84676980376816,
    "pos_energy": -25.405966006598714,
    "neg_energy": 30.014522369267503,
    "energy_gap": -55.42048837586621,
    "epoch_time": 395.4370741844177
  },
  "15": {
    "loss": -55.80180312348145,
    "pos_energy": -26.36566026890999,
    "neg_energy": 31.12610375938452,
    "energy_gap": -57.49176402829451,
    "epoch_time": 394.4540340900421
  },
  "16": {
    "loss": -58.10671602042104,
    "pos_energy": -27.51347830384884,
    "neg_energy": 32.42954035565672,
    "energy_gap": -59.943018659505555,
    "epoch_time": 394.22790455818176
  },
  "17": {
    "loss": -60.29163199726145,
    "pos_energy": -28.593809970632183,
    "neg_energy": 33.67976009651059,
    "energy_gap": -62.27357006714277,
    "epoch_time": 394.49123764038086
  },
  "18": {
    "loss": -62.14591856488348,
    "pos_energy": -29.518760162632013,
    "neg_energy": 34.73788552554494,
    "energy_gap": -64.25664568817695,
    "epoch_time": 394.22592091560364
  },
  "19": {
    "loss": -63.78806750895769,
    "pos_energy": -30.322016975263583,
    "neg_energy": 35.6925667461355,
    "energy_gap": -66.01458372139908,
    "epoch_time": 394.2542688846588
  },
  "20": {
    "loss": -65.17346183344449,
    "pos_energy": -31.00645634030975,
    "neg_energy": 36.488923925716755,
    "energy_gap": -67.4953802660265,
    "epoch_time": 394.31923031806946
  },
  "21": {
    "loss": -67.40414693284562,
    "pos_energy": -32.10887003082363,
    "neg_energy": 37.775730693718195,
    "energy_gap": -69.88460072454183,
    "epoch_time": 393.8369839191437
  },
  "22": {
    "loss": -69.76512171647276,
    "pos_energy": -33.332762755761344,
    "neg_energy": 39.09400312220329,
    "energy_gap": -72.42676587796464,
    "epoch_time": 393.13122940063477
  },
  "23": {
    "loss": -71.96376597526323,
    "pos_energy": -34.42504224859672,
    "neg_energy": 40.37794370037449,
    "energy_gap": -74.80298594897121,
    "epoch_time": 393.6424593925476
  },
  "24": {
    "loss": -73.75773781841472,
    "pos_energy": -35.350189971190936,
    "neg_energy": 41.39961561483334,
    "energy_gap": -76.74980558602428,
    "epoch_time": 393.89285826683044
  },
  "25": {
    "loss": -75.1823988666223,
    "pos_energy": -36.08540005276228,
    "neg_energy": 42.20772313201347,
    "energy_gap": -78.29312318477575,
    "epoch_time": 392.961062669754
  },
  "26": {
    "loss": -76.04807801846698,
    "pos_energy": -36.51520877292131,
    "neg_energy": 42.72464584731689,
    "energy_gap": -79.2398546202382,
    "epoch_time": 394.82375168800354
  },
  "27": {
    "loss": -76.88005718923783,
    "pos_energy": -36.94563666498512,
    "neg_energy": 43.19442751955001,
    "energy_gap": -80.14006418453513,
    "epoch_time": 395.99830627441406
  },
  "28": {
    "loss": -77.8729316205731,
    "pos_energy": -37.4526685225517,
    "neg_energy": 43.76717639083935,
    "energy_gap": -81.21984491339106,
    "epoch_time": 396.3867778778076
  },
  "29": {
    "loss": -78.80334875013368,
    "pos_energy": -37.9320225601123,
    "neg_energy": 44.30454052971832,
    "energy_gap": -82.23656308983061,
    "epoch_time": 393.6448323726654
  },
  "30": {
    "loss": -79.6327689369634,
    "pos_energy": -38.35674328396345,
    "neg_energy": 44.788311283137226,
    "energy_gap": -83.14505456710069,
    "epoch_time": 393.36571049690247
  },
  "31": {
    "loss": -80.47124366137297,
    "pos_energy": -38.76624055508807,
    "neg_energy": 45.31065150983739,
    "energy_gap": -84.07689206492546,
    "epoch_time": 393.0873963832855
  },
  "32": {
    "loss": -81.48099392497917,
    "pos_energy": -39.27245530523324,
    "neg_energy": 45.91512958185817,
    "energy_gap": -85.1875848870914,
    "epoch_time": 392.9751329421997
  },
  "33": {
    "loss": -82.50779661092474,
    "pos_energy": -39.81077733988034,
    "neg_energy": 46.50600218979014,
    "energy_gap": -86.31677952967047,
    "epoch_time": 393.1778779029846
  },
  "34": {
    "loss": -83.47031272866197,
    "pos_energy": -40.31194242757748,
    "neg_energy": 47.062467914035295,
    "energy_gap": -87.37441034161277,
    "epoch_time": 392.84446358680725
  },
  "35": {
    "loss": -84.07831978042118,
    "pos_energy": -40.631454658325076,
    "neg_energy": 47.40554798576949,
    "energy_gap": -88.03700264409457,
    "epoch_time": 393.07439136505127
  },
  "36": {
    "loss": -84.26037868825892,
    "pos_energy": -40.7286889463749,
    "neg_energy": 47.50740061530004,
    "energy_gap": -88.23608956167494,
    "epoch_time": 393.4981565475464
  },
  "37": {
    "loss": -84.4532688591597,
    "pos_energy": -40.83181075243625,
    "neg_energy": 47.61670883427894,
    "energy_gap": -88.44851958671518,
    "epoch_time": 393.3107373714447
  },
  "38": {
    "loss": -84.63063296300648,
    "pos_energy": -40.92637320600028,
    "neg_energy": 47.71552582593289,
    "energy_gap": -88.64189903193318,
    "epoch_time": 393.4953582286835
  },
  "39": {
    "loss": -84.79448854591158,
    "pos_energy": -41.00944375029902,
    "neg_energy": 47.814941728722005,
    "energy_gap": -88.82438547902103,
    "epoch_time": 393.84178614616394
  }
}